DEqMS,dlfq,missForest,No_norm,1
DEqMS,dlfq,SeqKNN,No_norm,2
DEqMS,dlfq,bpca,No_norm,3
DEqMS,dlfq,Impseq,No_norm,4
ROTS,dlfq,SeqKNN,No_norm,5
DEqMS,dlfq,Impseqrob,No_norm,6
DEqMS,dlfq,missForest,lossf,7
limma,dlfq,missForest,No_norm,8
limma,dlfq,missForest,lossf,9
limma,dlfq,SeqKNN,No_norm,10
DEqMS,dlfq,missForest,Rlr,11
limma,dlfq,Impseq,No_norm,12
limma,dlfq,Impseqrob,No_norm,13
ROTS,dlfq,SeqKNN,Rlr,14
ROTS,dlfq,SeqKNN,lossf,15
limma,dlfq,missForest,Rlr,16
ROTS,dlfq,missForest,No_norm,17
DEqMS,LFQ,Impseq,No_norm,18
limma,dlfq,bpca,No_norm,19
DEqMS,LFQ,SeqKNN,No_norm,20
DEqMS,dlfq,MinProb,No_norm,21
proDA,dlfq,Impseq,No_norm,22
DEqMS,dlfq,Impseq,lossf,23
limma,LFQ,SeqKNN,No_norm,24
DEqMS,dlfq,mice,No_norm,25
limma,LFQ,nbavg,No_norm,26
DEqMS,LFQ,nbavg,No_norm,27
ROTS,dlfq,Impseqrob,No_norm,28
DEqMS,dlfq,missForest,center.median,29
proDA,dlfq,missForest,No_norm,30
ROTS,dlfq,missForest,Rlr,31
ROTS,LFQ,MinProb,No_norm,32
ROTS,dlfq,missForest,lossf,33
proDA,dlfq,SeqKNN,No_norm,34
DEqMS,LFQ,SeqKNN,lossf,35
limma,dlfq,QRILC,No_norm,36
limma,LFQ,Impseq,No_norm,37
ROTS,dlfq,QRILC,No_norm,38
limma,LFQ,SeqKNN,lossf,39
DEqMS,LFQ,Impseq,lossf,40
ROTS,LFQ,MinDet,No_norm,41
DEqMS,dlfq,Impseq,Rlr,42
ROTS,LFQ,nbavg,No_norm,43
proDA,dlfq,Impseqrob,No_norm,44
ROTS,dlfq,SeqKNN,center.median,45
proDA,dlfq,bpca,No_norm,46
limma,dlfq,missForest,center.median,47
DEqMS,dlfq,missForest,center.mean,48
limma,dlfq,MinProb,No_norm,49
DEqMS,dlfq,SeqKNN,lossf,50
DEqMS,dlfq,SeqKNN,Rlr,51
DEP,dlfq,SeqKNN,No_norm,52
limma,LFQ,Impseq,lossf,53
DEqMS,dlfq,MinDet,No_norm,54
proDA,dlfq,missForest,lossf,55
DEqMS,dlfq,QRILC,No_norm,56
limma,LFQ,SeqKNN,Rlr,57
ROTS,dlfq,SeqKNN,center.mean,58
limma,LFQ,nbavg,lossf,59
limma,dlfq,mice,No_norm,60
DEqMS,LFQ,SeqKNN,Rlr,61
ROTS,LFQ,nbavg,lossf,62
ROTS,LFQ,nbavg,Rlr,63
ROTS,LFQ,MinProb,lossf,64
DEqMS,LFQ,bpca,No_norm,65
limma,dlfq,missForest,center.mean,66
DEP,dlfq,missForest,No_norm,67
proDA,LFQ,Impseq,lossf,68
DEqMS,LFQ,nbavg,lossf,69
limma,dlfq,Impseq,lossf,70
ROTS,dlfq,MinProb,No_norm,71
proDA,LFQ,SeqKNN,No_norm,72
DEqMS,LFQ,Impseq,Rlr,73
ROTS,dlfq,SeqKNN,quantiles,74
ROTS,LFQ,QRILC,No_norm,75
limma,dlfq,knn,No_norm,76
ROTS,dlfq,MinDet,No_norm,77
limma,dlfq,SeqKNN,lossf,78
ROTS,dlfq,Impseqrob,lossf,79
limma,dlfq,SeqKNN,Rlr,80
ROTS,LFQ,MinDet,lossf,81
DEP,dlfq,Impseq,No_norm,82
proDA,LFQ,SeqKNN,lossf,83
limma,dlfq,MinDet,No_norm,84
ROTS,dlfq,mice,No_norm,85
DEqMS,dlfq,bpca,lossf,86
ROTS,LFQ,SeqKNN,lossf,87
limma,dlfq,Impseq,Rlr,88
DEqMS,dlfq,bpca,Rlr,89
proDA,LFQ,Impseq,No_norm,90
ROTS,dlfq,Impseqrob,Rlr,91
DEqMS,dlfq,bpca,center.median,92
DEqMS,dlfq,Impseq,center.median,93
DEP,dlfq,bpca,No_norm,94
proDA,dlfq,missForest,Rlr,95
limma,LFQ,Impseq,Rlr,96
ROTS,LFQ,SeqKNN,Rlr,97
limma,LFQ,bpca,No_norm,98
ROTS,dlfq,missForest,center.median,99
DEqMS,dlfq,knn,No_norm,100
DEqMS,dlfq,Impseqrob,lossf,101
ROTS,dlfq,knn,No_norm,102
DEqMS,top0,missForest,No_norm,103
ROTS,LFQ,SeqKNN,No_norm,104
ROTS,dlfq,missForest,center.mean,105
limma,LFQ,MinDet,No_norm,106
proDA,LFQ,SeqKNN,Rlr,107
limma,LFQ,nbavg,Rlr,108
proDA,dlfq,Impseq,Rlr,109
proDA,dlfq,Impseq,lossf,110
ROTS,dlfq,Impseq,No_norm,111
proDA,LFQ,Impseq,Rlr,112
proDA,dlfq,MinProb,No_norm,113
DEP,dlfq,Impseqrob,No_norm,114
DEP,dlfq,missForest,lossf,115
proDA,dlfq,knn,No_norm,116
DEqMS,LFQ,missForest,No_norm,117
DEqMS,dlfq,SeqKNN,center.median,118
DEqMS,dlfq,Impseqrob,Rlr,119
DEqMS,LFQ,bpca,lossf,120
DEqMS,dlfq,Impseq,center.mean,121
ROTS,dlfq,QRILC,Rlr,122
limma,LFQ,MinProb,No_norm,123
ROTS,dlfq,No_MVI,No_norm,124
limma,dlfq,Impseq,center.median,125
limma,LFQ,missForest,No_norm,126
limma,dlfq,Impseqrob,lossf,127
ROTS,LFQ,MinProb,Rlr,128
DEqMS,LFQ,missForest,lossf,129
ROTS,top0,nbavg,No_norm,130
DEP,LFQ,SeqKNN,No_norm,131
DEqMS,dlfq,bpca,center.mean,132
limma,dlfq,bpca,Rlr,133
limma,dlfq,SeqKNN,center.median,134
limma,LFQ,missForest,lossf,135
ROTS,LFQ,QRILC,Rlr,136
DEqMS,LFQ,MinProb,No_norm,137
ROTS,dlfq,bpca,No_norm,138
DEqMS,LFQ,MinDet,No_norm,139
ROTS,LFQ,MinDet,Rlr,140
proDA,dlfq,MinDet,No_norm,141
limma,top0,missForest,No_norm,142
limma,dlfq,bpca,lossf,143
limma,dlfq,Impseqrob,Rlr,144
ROTS,dlfq,MinProb,lossf,145
DEqMS,top0,MinProb,No_norm,146
limma,dlfq,bpca,center.median,147
DEP,dlfq,QRILC,No_norm,148
DEqMS,dlfq,No_MVI,No_norm,149
DEqMS,top0,Impseq,No_norm,150
DEP,dlfq,mice,No_norm,151
DEP,dlfq,missForest,Rlr,152
DEP,dlfq,missForest,center.median,153
proDA,LFQ,MinDet,No_norm,154
ROTS,dlfq,MinDet,lossf,155
DEP,LFQ,Impseq,No_norm,156
proDA,LFQ,missForest,lossf,157
DEqMS,dlfq,MinProb,center.median,158
DEqMS,top0,MinDet,No_norm,159
proDA,LFQ,bpca,No_norm,160
proDA,dlfq,QRILC,No_norm,161
ROTS,top0,SeqKNN,No_norm,162
limma,dlfq,SeqKNN,center.mean,163
DEP,LFQ,SeqKNN,lossf,164
DEqMS,LFQ,nbavg,Rlr,165
DEqMS,dlfq,SeqKNN,center.mean,166
DEP,LFQ,nbavg,No_norm,167
DEP,dlfq,knn,No_norm,168
DEP,dlfq,missForest,center.mean,169
limma,dlfq,Impseq,center.mean,170
ROTS,LFQ,nbavg,center.mean,171
ROTS,dlfq,MinProb,Rlr,172
limma,LFQ,missForest,Rlr,173
ROTS,dlfq,QRILC,center.median,174
DEP,LFQ,Impseq,lossf,175
ROTS,dlfq,MinDet,center.median,176
DEqMS,top0,nbavg,No_norm,177
proDA,dlfq,SeqKNN,Rlr,178
DEP,dlfq,Impseq,center.median,179
DEP,LFQ,SeqKNN,center.median,180
DEP,dlfq,MinProb,No_norm,181
ROTS,dlfq,MinProb,center.median,182
ROTS,LFQ,QRILC,lossf,183
DEqMS,LFQ,missForest,Rlr,184
limma,dlfq,MinProb,center.median,185
limma,LFQ,bpca,lossf,186
proDA,LFQ,nbavg,Rlr,187
DEqMS,LFQ,bpca,Rlr,188
ROTS,LFQ,MinProb,center.median,189
limma,LFQ,SeqKNN,center.median,190
DEP,dlfq,Impseq,lossf,191
ROTS,LFQ,nbavg,center.median,192
ROTS,LFQ,knn,lossf,193
DEqMS,top0,SeqKNN,No_norm,194
ROTS,dlfq,MinDet,Rlr,195
proDA,dlfq,SeqKNN,lossf,196
limma,dlfq,bpca,center.mean,197
limma,top0,nbavg,No_norm,198
proDA,dlfq,mice,No_norm,199
DEqMS,top3,SeqKNN,No_norm,200
proDA,LFQ,MinProb,No_norm,201
limma,LFQ,knn,No_norm,202
proDA,dlfq,bpca,Rlr,203
ROTS,LFQ,SeqKNN,center.median,204
ROTS,dlfq,mice,lossf,205
limma,LFQ,MinDet,lossf,206
proDA,LFQ,bpca,lossf,207
limma,LFQ,QRILC,No_norm,208
DEP,dlfq,Impseq,Rlr,209
DEP,LFQ,SeqKNN,Rlr,210
DEP,dlfq,MinDet,No_norm,211
ROTS,LFQ,knn,No_norm,212
DEqMS,dlfq,MinProb,center.mean,213
DEP,LFQ,nbavg,lossf,214
proDA,LFQ,missForest,No_norm,215
proDA,LFQ,missForest,Rlr,216
limma,top0,MinProb,No_norm,217
limma,dlfq,MinProb,center.mean,218
DEP,dlfq,SeqKNN,Rlr,219
limma,dlfq,No_MVI,No_norm,220
proDA,dlfq,bpca,lossf,221
DEqMS,top3,nbavg,No_norm,222
DEqMS,LFQ,SeqKNN,center.median,223
ROTS,top0,missForest,No_norm,224
ROTS,dlfq,missForest,quantiles,225
DEP,top0,missForest,No_norm,226
DEqMS,top3,missForest,No_norm,227
DEP,LFQ,bpca,No_norm,228
DEP,dlfq,Impseq,center.mean,229
limma,dlfq,mice,Rlr,230
DEqMS,LFQ,Impseq,center.median,231
ROTS,dlfq,Impseq,lossf,232
limma,LFQ,nbavg,center.median,233
ROTS,LFQ,MinDet,center.median,234
proDA,dlfq,zero,No_norm,235
DEqMS,dlfq,MinDet,center.median,236
ROTS,top3,nbavg,No_norm,237
DEP,dlfq,SeqKNN,center.mean,238
ROTS,dlfq,QRILC,center.mean,239
ROTS,top3,missForest,No_norm,240
limma,LFQ,Impseq,center.median,241
ROTS,dlfq,QRILC,lossf,242
limma,top0,Impseq,No_norm,243
DEP,LFQ,Impseq,Rlr,244
DEqMS,dlfq,mice,lossf,245
limma,LFQ,MinProb,lossf,246
DEP,dlfq,No_MVI,No_norm,247
limma,dlfq,QRILC,center.median,248
ROTS,top0,SeqKNN,lossf,249
limma,top0,SeqKNN,No_norm,250
limma,LFQ,bpca,Rlr,251
ROTS,LFQ,knn,Rlr,252
ROTS,dlfq,No_MVI,lossf,253
DEqMS,LFQ,knn,No_norm,254
limma,dlfq,MinDet,center.median,255
DEqMS,top3,MinProb,No_norm,256
ROTS,dlfq,MinDet,center.mean,257
DEP,LFQ,MinDet,No_norm,258
ROTS,dlfq,Impseq,Rlr,259
limma,top0,MinDet,No_norm,260
proDA,dlfq,No_MVI,No_norm,261
limma,dlfq,MinProb,Rlr,262
limma,top3,nbavg,No_norm,263
proDA,top0,missForest,No_norm,264
proDA,LFQ,knn,No_norm,265
limma,LFQ,SeqKNN,center.mean,266
limma,dlfq,MinProb,lossf,267
ROTS,top0,SeqKNN,Rlr,268
limma,dlfq,knn,center.median,269
limma,dlfq,mice,lossf,270
DEP,dlfq,SeqKNN,lossf,271
DEqMS,dlfq,mice,Rlr,272
limma,dlfq,QRILC,lossf,273
proDA,dlfq,Impseqrob,lossf,274
limma,dlfq,QRILC,Rlr,275
DEqMS,dlfq,MinProb,lossf,276
DEP,dlfq,zero,No_norm,277
ROTS,dlfq,MinProb,center.mean,278
DEqMS,LFQ,MinProb,lossf,279
ROTS,LFQ,MinProb,center.mean,280
proDA,LFQ,bpca,Rlr,281
proDA,LFQ,SeqKNN,center.median,282
ROTS,dlfq,bpca,Rlr,283
DEP,dlfq,SeqKNN,center.median,284
proDA,dlfq,missForest,center.median,285
proDA,LFQ,MinDet,lossf,286
proDA,dlfq,Impseqrob,Rlr,287
DEP,LFQ,missForest,No_norm,288
limma,dlfq,mice,center.mean,289
DEqMS,LFQ,MinDet,lossf,290
ROTS,top3,SeqKNN,No_norm,291
limma,LFQ,knn,lossf,292
DEP,LFQ,MinProb,No_norm,293
DEP,LFQ,Impseq,center.median,294
DEqMS,top3,MinDet,No_norm,295
ROTS,top3,QRILC,No_norm,296
DEqMS,dlfq,MinProb,Rlr,297
ROTS,dlfq,mice,Rlr,298
DEqMS,top0,QRILC,No_norm,299
DEqMS,top0,bpca,No_norm,300
proDA,dlfq,missForest,center.mean,301
ROTS,dlfq,MinProb,quantiles,302
limma,top3,missForest,No_norm,303
ROTS,LFQ,QRILC,center.median,304
DEqMS,LFQ,nbavg,center.median,305
DEqMS,dlfq,MinDet,center.mean,306
DEP,dlfq,bpca,center.median,307
ROTS,LFQ,missForest,Rlr,308
ROTS,dlfq,knn,Rlr,309
proDA,dlfq,Impseq,center.median,310
DEP,LFQ,nbavg,Rlr,311
DEqMS,top3,Impseq,No_norm,312
limma,dlfq,QRILC,center.mean,313
DEqMS,dlfq,Impseqrob,center.median,314
DEqMS,LFQ,SeqKNN,center.mean,315
DEqMS,LFQ,mice,No_norm,316
ROTS,dlfq,No_MVI,Rlr,317
DEqMS,dlfq,mice,center.mean,318
limma,top0,missForest,center.median,319
limma,dlfq,MinDet,center.mean,320
ROTS,LFQ,missForest,lossf,321
limma,dlfq,MinDet,lossf,322
DEqMS,dlfq,MinDet,lossf,323
DEP,dlfq,bpca,Rlr,324
DEqMS,LFQ,Impseqrob,No_norm,325
ROTS,dlfq,bpca,lossf,326
limma,dlfq,Impseq,quantiles,327
DEqMS,LFQ,Impseq,center.mean,328
ROTS,dlfq,Impseqrob,center.mean,329
DEP,LFQ,missForest,lossf,330
limma,dlfq,Impseqrob,center.median,331
proDA,LFQ,knn,lossf,332
DEqMS,top0,missForest,center.median,333
DEP,top0,Impseq,No_norm,334
proDA,LFQ,MinProb,lossf,335
limma,top3,SeqKNN,No_norm,336
DEP,dlfq,bpca,lossf,337
DEP,LFQ,nbavg,center.median,338
ROTS,LFQ,missForest,No_norm,339
ROTS,LFQ,mice,No_norm,340
ROTS,dlfq,knn,lossf,341
limma,dlfq,missForest,quantiles,342
ROTS,top0,missForest,lossf,343
limma,LFQ,Impseq,center.mean,344
limma,LFQ,mice,No_norm,345
ROTS,top0,QRILC,No_norm,346
ROTS,LFQ,MinDet,center.mean,347
ROTS,top0,MinProb,No_norm,348
limma,dlfq,MinDet,Rlr,349
limma,dlfq,knn,Rlr,350
DEP,LFQ,bpca,lossf,351
DEP,dlfq,bpca,center.mean,352
limma,dlfq,mice,center.median,353
DEqMS,LFQ,QRILC,No_norm,354
limma,LFQ,MinDet,Rlr,355
limma,dlfq,knn,lossf,356
DEqMS,dlfq,mice,center.median,357
ROTS,LFQ,SeqKNN,center.mean,358
DEP,LFQ,SeqKNN,center.mean,359
proDA,LFQ,Impseq,center.median,360
limma,dlfq,knn,center.mean,361
DEP,top0,nbavg,No_norm,362
limma,LFQ,QRILC,lossf,363
proDA,dlfq,SeqKNN,center.median,364
DEqMS,LFQ,Impseqrob,lossf,365
DEP,top0,MinProb,No_norm,366
DEqMS,dlfq,knn,center.median,367
DEqMS,dlfq,MinDet,Rlr,368
DEP,LFQ,Impseq,center.mean,369
ROTS,dlfq,Impseqrob,center.median,370
limma,top0,QRILC,No_norm,371
ROTS,LFQ,MinProb,quantiles,372
proDA,dlfq,Impseq,center.mean,373
proDA,LFQ,SeqKNN,center.mean,374
proDA,dlfq,bpca,center.median,375
DEqMS,dlfq,QRILC,lossf,376
ROTS,LFQ,Impseq,No_norm,377
DEqMS,LFQ,knn,lossf,378
limma,top3,MinProb,No_norm,379
proDA,LFQ,Impseq,center.mean,380
limma,LFQ,MinProb,Rlr,381
limma,LFQ,nbavg,center.mean,382
DEqMS,LFQ,mice,lossf,383
proDA,top0,Impseq,No_norm,384
DEqMS,LFQ,bpca,center.median,385
DEqMS,top0,Impseq,center.median,386
proDA,dlfq,MinProb,center.median,387
DEP,LFQ,knn,No_norm,388
limma,dlfq,SeqKNN,quantiles,389
ROTS,LFQ,mice,lossf,390
ROTS,dlfq,mice,center.median,391
ROTS,LFQ,QRILC,center.mean,392
limma,top0,missForest,Rlr,393
