ROTS,dlfq,SeqKNN,No_norm,1
DEqMS,dlfq,missForest,No_norm,2
limma,dlfq,missForest,No_norm,3
ROTS,dlfq,SeqKNN,Rlr,4
proDA,dlfq,Impseq,No_norm,5
ROTS,dlfq,SeqKNN,lossf,6
limma,dlfq,Impseq,No_norm,7
DEqMS,dlfq,SeqKNN,No_norm,8
ROTS,dlfq,missForest,No_norm,9
DEqMS,dlfq,Impseq,No_norm,10
limma,top0,missForest,No_norm,11
limma,dlfq,missForest,lossf,12
DEqMS,dlfq,bpca,No_norm,13
proDA,dlfq,bpca,No_norm,14
limma,dlfq,SeqKNN,No_norm,15
limma,LFQ,MinDet,No_norm,16
proDA,dlfq,missForest,No_norm,17
ROTS,dlfq,QRILC,No_norm,18
proDA,LFQ,Impseq,No_norm,19
limma,LFQ,Impseq,No_norm,20
ROTS,LFQ,MinProb,No_norm,21
limma,dlfq,Impseqrob,No_norm,22
limma,LFQ,MinProb,No_norm,23
limma,LFQ,bpca,No_norm,24
limma,dlfq,missForest,Rlr,25
ROTS,dlfq,missForest,Rlr,26
ROTS,LFQ,MinDet,No_norm,27
proDA,LFQ,SeqKNN,No_norm,28
limma,LFQ,nbavg,No_norm,29
DEqMS,dlfq,Impseqrob,No_norm,30
limma,dlfq,bpca,No_norm,31
ROTS,dlfq,missForest,lossf,32
limma,LFQ,Impseq,lossf,33
proDA,LFQ,bpca,No_norm,34
proDA,top0,missForest,No_norm,35
proDA,dlfq,SeqKNN,No_norm,36
limma,LFQ,SeqKNN,No_norm,37
proDA,dlfq,missForest,lossf,38
proDA,LFQ,MinDet,No_norm,39
limma,dlfq,QRILC,No_norm,40
proDA,LFQ,Impseq,lossf,41
ROTS,dlfq,Impseqrob,No_norm,42
proDA,LFQ,SeqKNN,lossf,43
ROTS,LFQ,QRILC,No_norm,44
proDA,dlfq,missForest,Rlr,45
ROTS,dlfq,SeqKNN,center.median,46
proDA,dlfq,Impseqrob,No_norm,47
DEqMS,dlfq,missForest,lossf,48
limma,LFQ,SeqKNN,lossf,49
proDA,dlfq,Impseq,lossf,50
ROTS,LFQ,MinDet,lossf,51
proDA,dlfq,Impseq,Rlr,52
limma,dlfq,MinProb,No_norm,53
limma,LFQ,MinDet,lossf,54
ROTS,LFQ,MinProb,lossf,55
limma,top0,MinProb,No_norm,56
proDA,LFQ,MinProb,No_norm,57
limma,LFQ,Impseq,Rlr,58
proDA,dlfq,MinProb,No_norm,59
ROTS,dlfq,MinDet,No_norm,60
proDA,dlfq,knn,No_norm,61
ROTS,dlfq,MinProb,No_norm,62
limma,LFQ,nbavg,lossf,63
limma,LFQ,bpca,lossf,64
limma,top3,missForest,No_norm,65
proDA,LFQ,Impseq,Rlr,66
proDA,LFQ,SeqKNN,Rlr,67
limma,top0,Impseq,No_norm,68
ROTS,dlfq,SeqKNN,center.mean,69
proDA,LFQ,bpca,lossf,70
DEqMS,LFQ,SeqKNN,No_norm,71
limma,top0,SeqKNN,No_norm,72
limma,top0,missForest,center.median,73
limma,LFQ,MinProb,lossf,74
limma,top0,MinDet,No_norm,75
limma,LFQ,knn,No_norm,76
proDA,top0,Impseq,No_norm,77
proDA,dlfq,bpca,Rlr,78
DEqMS,LFQ,Impseq,No_norm,79
ROTS,LFQ,nbavg,No_norm,80
proDA,dlfq,MinDet,No_norm,81
limma,top0,nbavg,No_norm,82
proDA,dlfq,bpca,lossf,83
limma,LFQ,SeqKNN,Rlr,84
DEqMS,dlfq,missForest,Rlr,85
limma,dlfq,Impseq,lossf,86
proDA,dlfq,mice,No_norm,87
limma,dlfq,mice,No_norm,88
ROTS,dlfq,SeqKNN,quantiles,89
limma,LFQ,bpca,Rlr,90
ROTS,dlfq,Impseq,No_norm,91
proDA,LFQ,MinDet,lossf,92
proDA,LFQ,knn,No_norm,93
ROTS,dlfq,Impseqrob,lossf,94
proDA,LFQ,bpca,Rlr,95
limma,top0,missForest,lossf,96
limma,top0,missForest,Rlr,97
ROTS,LFQ,MinProb,Rlr,98
DEqMS,LFQ,SeqKNN,lossf,99
DEqMS,dlfq,MinProb,No_norm,100
limma,dlfq,Impseq,Rlr,101
limma,LFQ,QRILC,No_norm,102
limma,LFQ,missForest,No_norm,103
ROTS,LFQ,nbavg,lossf,104
limma,dlfq,MinDet,No_norm,105
proDA,dlfq,SeqKNN,Rlr,106
proDA,dlfq,SeqKNN,lossf,107
limma,LFQ,Impseq,center.median,108
limma,LFQ,nbavg,Rlr,109
proDA,LFQ,missForest,No_norm,110
proDA,top3,missForest,No_norm,111
proDA,dlfq,QRILC,No_norm,112
ROTS,LFQ,nbavg,Rlr,113
proDA,dlfq,Impseq,center.median,114
proDA,top0,MinProb,No_norm,115
proDA,LFQ,Impseq,center.median,116
limma,top0,QRILC,No_norm,117
ROTS,dlfq,MinProb,lossf,118
DEP,dlfq,SeqKNN,No_norm,119
limma,LFQ,MinDet,Rlr,120
limma,top3,SeqKNN,No_norm,121
ROTS,dlfq,QRILC,Rlr,122
limma,dlfq,missForest,center.median,123
proDA,dlfq,bpca,center.median,124
proDA,top0,missForest,center.median,125
ROTS,LFQ,MinDet,Rlr,126
DEqMS,dlfq,Impseq,lossf,127
DEqMS,LFQ,nbavg,No_norm,128
DEqMS,LFQ,Impseq,lossf,129
limma,LFQ,knn,lossf,130
ROTS,LFQ,QRILC,Rlr,131
limma,LFQ,missForest,lossf,132
proDA,LFQ,MinProb,lossf,133
limma,dlfq,knn,No_norm,134
ROTS,dlfq,MinDet,lossf,135
ROTS,LFQ,SeqKNN,lossf,136
DEqMS,dlfq,mice,No_norm,137
limma,LFQ,nbavg,center.median,138
ROTS,dlfq,MinProb,Rlr,139
limma,dlfq,SeqKNN,lossf,140
ROTS,dlfq,knn,No_norm,141
ROTS,dlfq,mice,No_norm,142
limma,top3,MinProb,No_norm,143
ROTS,dlfq,Impseqrob,Rlr,144
DEqMS,dlfq,missForest,center.median,145
proDA,LFQ,missForest,lossf,146
proDA,top0,MinDet,No_norm,147
limma,top0,bpca,No_norm,148
ROTS,LFQ,SeqKNN,Rlr,149
DEP,dlfq,missForest,No_norm,150
limma,dlfq,SeqKNN,Rlr,151
limma,top3,nbavg,No_norm,152
limma,LFQ,missForest,Rlr,153
limma,LFQ,Impseq,center.mean,154
limma,LFQ,bpca,center.median,155
ROTS,dlfq,MinProb,center.median,156
proDA,LFQ,knn,lossf,157
proDA,LFQ,SeqKNN,center.median,158
limma,dlfq,missForest,center.mean,159
ROTS,LFQ,SeqKNN,No_norm,160
limma,LFQ,MinProb,Rlr,161
limma,top3,Impseq,No_norm,162
proDA,top0,bpca,No_norm,163
DEP,dlfq,Impseq,No_norm,164
proDA,dlfq,Impseq,center.mean,165
proDA,LFQ,nbavg,Rlr,166
proDA,LFQ,missForest,Rlr,167
proDA,LFQ,SeqKNN,center.mean,168
proDA,LFQ,Impseq,center.mean,169
proDA,top0,missForest,lossf,170
ROTS,LFQ,MinProb,center.median,171
limma,LFQ,nbavg,center.mean,172
proDA,top0,SeqKNN,No_norm,173
ROTS,dlfq,MinDet,Rlr,174
DEqMS,dlfq,MinDet,No_norm,175
DEqMS,dlfq,Impseq,Rlr,176
ROTS,dlfq,missForest,center.median,177
limma,LFQ,MinProb,center.median,178
limma,top0,Impseq,center.median,179
limma,top3,MinDet,No_norm,180
ROTS,dlfq,MinDet,center.median,181
ROTS,dlfq,QRILC,center.median,182
ROTS,LFQ,QRILC,lossf,183
proDA,dlfq,MinProb,center.median,184
proDA,LFQ,MinDet,Rlr,185
DEqMS,dlfq,QRILC,No_norm,186
proDA,LFQ,bpca,center.median,187
limma,LFQ,MinDet,center.median,188
DEqMS,dlfq,missForest,center.mean,189
DEqMS,LFQ,SeqKNN,Rlr,190
proDA,top0,missForest,Rlr,191
proDA,dlfq,knn,center.median,192
limma,dlfq,bpca,Rlr,193
ROTS,top0,SeqKNN,No_norm,194
limma,dlfq,bpca,lossf,195
limma,LFQ,knn,Rlr,196
DEqMS,dlfq,SeqKNN,lossf,197
ROTS,LFQ,knn,lossf,198
limma,dlfq,Impseq,center.median,199
ROTS,dlfq,Impseq,lossf,200
ROTS,dlfq,missForest,center.mean,201
proDA,top3,Impseq,No_norm,202
limma,top0,missForest,center.mean,203
limma,top0,MinProb,center.median,204
limma,LFQ,bpca,center.mean,205
DEqMS,LFQ,bpca,No_norm,206
limma,top3,QRILC,No_norm,207
proDA,LFQ,MinProb,center.median,208
DEP,dlfq,bpca,No_norm,209
DEqMS,dlfq,SeqKNN,Rlr,210
ROTS,LFQ,knn,No_norm,211
ROTS,dlfq,Impseq,Rlr,212
proDA,dlfq,bpca,center.mean,213
ROTS,top3,missForest,No_norm,214
proDA,LFQ,MinDet,center.median,215
limma,top0,Impseq,lossf,216
ROTS,dlfq,bpca,No_norm,217
proDA,top3,SeqKNN,No_norm,218
limma,top0,nbavg,center.median,219
limma,LFQ,MinDet,center.mean,220
proDA,LFQ,MinProb,Rlr,221
DEqMS,LFQ,nbavg,lossf,222
limma,LFQ,QRILC,lossf,223
DEqMS,LFQ,Impseq,Rlr,224
limma,LFQ,MinProb,center.mean,225
ROTS,dlfq,mice,lossf,226
limma,top0,SeqKNN,center.median,227
ROTS,dlfq,QRILC,lossf,228
limma,dlfq,bpca,center.median,229
proDA,dlfq,MinProb,lossf,230
limma,dlfq,Impseqrob,lossf,231
ROTS,top0,missForest,No_norm,232
proDA,LFQ,knn,Rlr,233
proDA,dlfq,mice,Rlr,234
limma,top0,Impseq,Rlr,235
proDA,dlfq,MinProb,center.mean,236
proDA,dlfq,missForest,center.median,237
proDA,dlfq,SeqKNN,center.median,238
ROTS,dlfq,MinDet,center.mean,239
ROTS,dlfq,MinProb,center.mean,240
proDA,LFQ,QRILC,No_norm,241
ROTS,dlfq,QRILC,center.mean,242
limma,dlfq,Impseq,center.mean,243
proDA,dlfq,MinProb,Rlr,244
ROTS,top0,nbavg,No_norm,245
DEP,dlfq,Impseqrob,No_norm,246
ROTS,LFQ,MinDet,center.median,247
ROTS,top3,QRILC,No_norm,248
proDA,dlfq,MinDet,center.median,249
DEqMS,dlfq,Impseq,center.median,250
limma,top0,mice,No_norm,251
proDA,dlfq,zero,No_norm,252
DEP,dlfq,missForest,lossf,253
ROTS,LFQ,knn,Rlr,254
limma,dlfq,Impseqrob,Rlr,255
DEP,LFQ,SeqKNN,No_norm,256
limma,dlfq,MinProb,center.median,257
ROTS,dlfq,missForest,quantiles,258
proDA,dlfq,missForest,center.mean,259
ROTS,dlfq,MinProb,quantiles,260
proDA,dlfq,knn,center.mean,261
proDA,top3,MinDet,No_norm,262
proDA,LFQ,bpca,center.mean,263
proDA,top3,MinProb,No_norm,264
proDA,top0,Impseq,center.median,265
proDA,LFQ,MinProb,center.mean,266
limma,top3,mice,No_norm,267
proDA,top0,missForest,center.mean,268
limma,top0,bpca,center.median,269
proDA,top0,Impseq,lossf,270
DEqMS,dlfq,bpca,center.median,271
ROTS,top0,SeqKNN,lossf,272
DEqMS,dlfq,bpca,lossf,273
proDA,LFQ,MinDet,center.mean,274
proDA,LFQ,mice,No_norm,275
DEqMS,dlfq,bpca,Rlr,276
proDA,dlfq,knn,lossf,277
limma,LFQ,mice,No_norm,278
proDA,dlfq,MinDet,lossf,279
proDA,dlfq,mice,lossf,280
proDA,dlfq,knn,Rlr,281
limma,top3,missForest,Rlr,282
proDA,dlfq,Impseqrob,Rlr,283
proDA,dlfq,QRILC,center.median,284
limma,top0,SeqKNN,lossf,285
ROTS,top3,SeqKNN,No_norm,286
limma,LFQ,knn,center.median,287
DEqMS,LFQ,missForest,No_norm,288
limma,top3,missForest,lossf,289
limma,top0,MinProb,center.mean,290
proDA,dlfq,Impseqrob,lossf,291
DEqMS,dlfq,knn,No_norm,292
limma,dlfq,SeqKNN,center.median,293
DEqMS,top0,missForest,No_norm,294
limma,top3,missForest,center.median,295
proDA,LFQ,knn,center.median,296
limma,LFQ,min,No_norm,297
ROTS,LFQ,MinProb,center.mean,298
ROTS,top0,SeqKNN,Rlr,299
limma,top0,MinDet,center.median,300
limma,top0,MinProb,lossf,301
limma,top0,Impseq,center.mean,302
limma,LFQ,missForest,center.median,303
limma,top3,bpca,No_norm,304
limma,top0,knn,No_norm,305
proDA,top0,Impseq,Rlr,306
proDA,dlfq,MinDet,Rlr,307
DEqMS,LFQ,missForest,lossf,308
DEP,LFQ,SeqKNN,lossf,309
limma,dlfq,bpca,center.mean,310
DEqMS,dlfq,Impseqrob,lossf,311
limma,top0,SeqKNN,Rlr,312
proDA,dlfq,MinDet,center.mean,313
DEqMS,dlfq,Impseq,center.mean,314
limma,dlfq,mice,Rlr,315
limma,dlfq,MinProb,center.mean,316
ROTS,top0,QRILC,No_norm,317
limma,dlfq,QRILC,center.median,318
proDA,dlfq,SeqKNN,center.mean,319
DEP,dlfq,QRILC,No_norm,320
ROTS,dlfq,bpca,Rlr,321
limma,top0,nbavg,center.mean,322
DEP,LFQ,Impseq,No_norm,323
proDA,LFQ,missForest,center.median,324
limma,dlfq,QRILC,lossf,325
limma,top0,MinDet,lossf,326
limma,top0,MinProb,Rlr,327
limma,dlfq,QRILC,Rlr,328
DEP,dlfq,missForest,Rlr,329
ROTS,LFQ,QRILC,center.median,330
ROTS,top0,MinProb,No_norm,331
DEP,dlfq,mice,No_norm,332
DEP,dlfq,missForest,center.median,333
DEqMS,LFQ,bpca,lossf,334
limma,dlfq,SeqKNN,center.mean,335
limma,top0,SeqKNN,center.mean,336
limma,dlfq,MinProb,Rlr,337
limma,dlfq,MinProb,lossf,338
DEP,LFQ,nbavg,No_norm,339
limma,top3,SeqKNN,Rlr,340
limma,top0,QRILC,center.median,341
DEqMS,dlfq,bpca,center.mean,342
ROTS,dlfq,mice,Rlr,343
ROTS,LFQ,missForest,Rlr,344
DEqMS,dlfq,SeqKNN,center.median,345
limma,LFQ,mice,lossf,346
DEP,dlfq,missForest,center.mean,347
ROTS,LFQ,nbavg,center.mean,348
limma,LFQ,Impseqrob,No_norm,349
ROTS,dlfq,knn,Rlr,350
DEP,dlfq,MinProb,No_norm,351
limma,LFQ,knn,center.mean,352
DEP,LFQ,Impseq,lossf,353
ROTS,top3,nbavg,No_norm,354
DEqMS,dlfq,Impseqrob,Rlr,355
limma,top3,knn,No_norm,356
limma,dlfq,MinDet,center.median,357
limma,LFQ,QRILC,center.median,358
ROTS,dlfq,bpca,lossf,359
proDA,dlfq,QRILC,center.mean,360
DEqMS,dlfq,No_MVI,No_norm,361
proDA,top0,QRILC,No_norm,362
DEP,dlfq,Impseq,center.median,363
DEqMS,LFQ,MinProb,No_norm,364
proDA,top3,bpca,No_norm,365
proDA,top0,bpca,center.median,366
limma,LFQ,QRILC,Rlr,367
ROTS,LFQ,nbavg,center.median,368
limma,LFQ,missForest,center.mean,369
proDA,LFQ,Impseqrob,No_norm,370
DEqMS,top0,MinProb,No_norm,371
ROTS,dlfq,knn,lossf,372
DEqMS,LFQ,MinDet,No_norm,373
ROTS,top0,missForest,lossf,374
limma,top0,bpca,Rlr,375
ROTS,LFQ,missForest,lossf,376
proDA,LFQ,knn,center.mean,377
proDA,top0,mice,No_norm,378
ROTS,LFQ,MinDet,center.mean,379
DEP,dlfq,Impseq,lossf,380
DEP,dlfq,knn,No_norm,381
limma,top3,nbavg,center.median,382
proDA,LFQ,mice,lossf,383
limma,dlfq,mice,lossf,384
limma,top3,SeqKNN,lossf,385
limma,dlfq,QRILC,center.mean,386
DEqMS,top0,Impseq,No_norm,387
limma,LFQ,SeqKNN,center.median,388
ROTS,LFQ,SeqKNN,center.median,389
DEqMS,dlfq,MinProb,center.median,390
limma,top0,missForest,quantiles,391
ROTS,top0,QRILC,Rlr,392
DEP,LFQ,SeqKNN,Rlr,393
